{
    "lstm_train": [
        8.07592002130858,
        7.975622249383059,
        7.965530665632252,
        7.953989882850702,
        7.94468909207139,
        7.939101116293259,
        7.927929977838085,
        7.927449413060102,
        7.921346577214705,
        7.91387188801467,
        7.906754526495275,
        7.89937045092683,
        7.893441126960531,
        7.887465098677645,
        7.878804757172591,
        7.862031693832514,
        7.851926909179904,
        7.840734115633076,
        7.8115870589253324,
        7.792632730540637,
        7.774905210448871,
        7.759870042459275,
        7.7412167853739735,
        7.724065879335072,
        7.701517084593876,
        7.6824671128597055,
        7.660762145423039,
        7.613444502705459,
        7.593640962031258,
        7.579058474367703,
        7.559642574203241
    ],
    "lstm_val": [
        8.869193979376728,
        8.797809068129816,
        8.818003686328986,
        8.785201562289117,
        8.773983772548835,
        8.766587583622725,
        8.796459117405021,
        8.736298326208427,
        8.804231812031128,
        8.752912747458948,
        8.747249347112435,
        8.723010238461725,
        8.749580512557621,
        8.81392908904604,
        8.755222028397423,
        8.730282821532407,
        8.723136900866365,
        8.792963583121939,
        8.750888111512587,
        8.736150304174599,
        8.716560999601109,
        8.760219662693624,
        8.758157810376982,
        8.812250277302246,
        8.789791910522325,
        8.795685357169678,
        8.780014720816009,
        8.795819183879276,
        8.815561204998048,
        8.823215019117296,
        8.841832419999294
    ],
    "transformer_train": [
        63.92829742241111,
        63.44162723943613,
        63.24941163524896,
        63.11146366984986,
        63.087158953287776,
        63.08233013046604,
        62.954514955612716,
        62.85684047792745,
        62.83245478114422,
        62.717078067520646,
        62.752298258343494,
        62.810840945906484,
        62.55663021761224,
        62.649504098657786,
        62.50730682435062,
        62.55237333908357,
        62.45659370546581,
        62.42423126286828,
        62.28726744742856,
        62.17558298138047,
        62.06549734140444,
        61.49437883511753,
        61.377446835216865,
        61.26194845410101,
        61.12535857332406
    ],
    "transformer_val": [
        78.07100568498883,
        77.30274963378906,
        77.68255988099521,
        77.61151318084029,
        76.97505715735873,
        76.99196837002174,
        77.48977661132812,
        77.08221028263408,
        76.5221915567728,
        76.5635266985212,
        76.74621972105557,
        76.38928911022674,
        76.45880930047286,
        76.09128002654342,
        75.43698579028137,
        75.9148361091327,
        76.88221786613751,
        77.30107288790825,
        76.66669309228882,
        77.00395179691171,
        76.47060400023496,
        76.51012128098567,
        76.35722431383635,
        76.60869191105205,
        76.52258495818404
    ]
}