{
    "lstm_train": [
        8.234114510543398,
        7.954834264727218,
        7.940207180952983,
        7.933801264032143,
        7.927675422096309,
        7.922235923144168,
        7.918751148523341,
        7.915607315163988,
        7.912095740232386,
        7.909810342572788,
        7.9079045035562885,
        7.905335764201704,
        7.899996595461485,
        7.898568534184009,
        7.897702874505469,
        7.896292504366372
    ],
    "lstm_val": [
        8.786644296663555,
        8.758896708314232,
        8.76431827387898,
        8.737492419947134,
        8.733538608280536,
        8.72318354129739,
        8.72409549951796,
        8.737887071945973,
        8.74536966310796,
        8.736318174980575,
        8.730520084986395,
        8.737960539976962,
        8.74117963989832,
        8.727906075974358,
        8.732477338895604,
        8.736035858406856
    ],
    "transformer_train": [
        64.04940522410142,
        63.46016004749932,
        63.2900454748884,
        63.1655518392509,
        62.95607456436519,
        62.925086110723925,
        62.86853839414847,
        62.82643863688611,
        62.744544879759815,
        62.70085960851894,
        62.69640356292061,
        63.06087605048902,
        62.61723039813697,
        62.50100225621427,
        62.51227332203728,
        62.016474618194074,
        61.87022614074531,
        61.774625130291,
        61.69834378013855
    ],
    "transformer_val": [
        78.75216833953996,
        77.8918381644735,
        76.73196598203053,
        76.13640447199508,
        77.10109108299262,
        75.98477103049234,
        76.45161699048991,
        76.75946748529348,
        75.54882700816275,
        75.65968354862977,
        76.10166122841378,
        75.78305408306767,
        77.72839014833386,
        76.02760196277447,
        75.89497173061528,
        75.91647458927193,
        76.12864440750444,
        76.23363783156664,
        75.57527086654063
    ]
}