{
    "lstm_train": [
        8.05723983421114,
        7.969364328359002,
        7.955573678399101,
        7.945125833012505,
        7.935472448005798,
        7.929397549354026,
        7.921423459437316,
        7.914589327702207,
        7.908979740929791,
        7.902862145583823,
        7.893987268669703,
        7.884121820918214,
        7.876405401456199,
        7.86376399167504,
        7.851663533932941,
        7.831037934682194,
        7.816242703641081,
        7.794332553272648,
        7.770452809431038,
        7.7391371877263095,
        7.717182349993729,
        7.685111370530099,
        7.611912634908831,
        7.571466430508028,
        7.541269084336144,
        7.5042752895017255
    ],
    "lstm_val": [
        8.85404178705848,
        8.833335262274382,
        8.824677771910373,
        8.818388401461087,
        8.812636940856322,
        8.769328659475265,
        8.761725116254437,
        8.76669716098447,
        8.798035491631532,
        8.752177663612215,
        8.780839279382125,
        8.778347467963517,
        8.791322934631182,
        8.817994865843783,
        8.77724801354809,
        8.740878614977408,
        8.790680175203073,
        8.797341856567781,
        8.812904095734964,
        8.782993210495198,
        8.843681489549038,
        8.873397155476148,
        8.888878044545658,
        8.9005162400895,
        8.909426294851574,
        8.902949432077726
    ],
    "transformer_train": [
        63.792778527296875,
        63.425507402312725,
        63.16898647531953,
        63.13429588622479,
        63.00971749015768,
        62.86195902866864,
        62.952312736761336,
        62.89771464267861,
        62.74312269548834,
        62.718363487810315,
        62.69451059867216,
        62.60785289472861,
        62.49168996179112,
        62.22487142667202,
        62.102458098266254,
        61.999615744935966,
        61.9003129054427
    ],
    "transformer_val": [
        77.51712137858073,
        77.09165378146702,
        77.09746003327547,
        77.12044276484737,
        76.97663432933666,
        76.81042248761213,
        76.46270316795066,
        79.62841457790799,
        77.41718885633681,
        77.3955728036386,
        76.62391340467664,
        77.3188942803277,
        76.97603771068432,
        76.70153565583405,
        76.89241236933955,
        76.9190751252351,
        76.92263341833043
    ]
}