{
    "lstm_train": [
        8.075685199659965,
        7.968594397114882,
        7.952440468287458,
        7.944957605955973,
        7.939051486473724,
        7.926736563474458,
        7.919709516043995,
        7.91622850462457,
        7.907215612751394,
        7.89797343825856,
        7.89097106664625,
        7.878259842513923,
        7.869843038037792,
        7.854086374606068,
        7.843121238966161,
        7.811368713337915,
        7.796623654123463,
        7.782079759856648,
        7.764887529545359
    ],
    "lstm_val": [
        8.846737252102846,
        8.798930921680173,
        8.774248532725231,
        8.783828385638008,
        8.758177062324238,
        8.797362408441144,
        8.806917102994216,
        8.743204877762146,
        8.728423483974836,
        8.7581585757172,
        8.776191869236527,
        8.768878931779035,
        8.78942788709466,
        8.75541445411906,
        8.764902761082654,
        8.793121957462226,
        8.786216001924123,
        8.801184165703784,
        8.795347163389044
    ],
    "transformer_train": [
        63.80218614366942,
        63.445506022045855,
        63.11214386960293,
        63.07412989017695,
        62.91157194208942,
        62.97223934165188,
        62.76097177331504,
        62.65717758361563,
        62.70166847581646,
        62.68252063022613,
        62.600355681290864,
        62.538466021285195,
        62.52470320554431,
        61.88825733915289,
        61.85276103459351,
        61.70782052644397,
        61.60001888951511,
        61.54623235141365,
        61.50337558745405,
        61.44959949652937,
        61.281515204302984,
        61.29984325885656,
        61.26462791258154,
        61.29489612369439
    ],
    "transformer_val": [
        79.50176096532799,
        77.14358072710783,
        76.79172165632906,
        76.79351788391843,
        78.67938421928454,
        77.59491604100485,
        76.48118537966,
        76.70276132283566,
        76.52329315915499,
        76.98861625552068,
        76.87829045187802,
        76.85654080275998,
        77.04036568761859,
        76.39992466341386,
        76.87718927125484,
        76.78966758047207,
        76.85461818130058,
        76.79052735778752,
        77.120907050925,
        76.94551542645326,
        76.96445599146249,
        76.99264224560412,
        77.0288157107749,
        77.02925833497666
    ]
}