{
    "lstm_train": [
        8.07723243519718,
        7.963513510500253,
        7.951522758423862,
        7.940594726693917,
        7.92866733995279,
        7.9228811487458515,
        7.917250463082033,
        7.908169092350227,
        7.897902638553774,
        7.890367320767882,
        7.879899670315902,
        7.872403851124081,
        7.858454469310374,
        7.846550906692963,
        7.821373240342167,
        7.810255380590132,
        7.7971084867140465,
        7.786424302594088,
        7.777972753953544,
        7.760974071140614
    ],
    "lstm_val": [
        8.803732152687678,
        8.807782309899432,
        8.765400154633804,
        8.77995326046944,
        8.75641374177601,
        8.768028048436355,
        8.770255026900543,
        8.752191503786406,
        8.822972196273543,
        8.751820998129807,
        8.751958252752665,
        8.789101520166419,
        8.822918141621777,
        8.81727908978919,
        8.819027167091635,
        8.763652509180973,
        8.768768020454301,
        8.779078374712057,
        8.769297228261342,
        8.805967758947203
    ],
    "transformer_train": [
        63.844054547429884,
        63.40076114475252,
        63.180232613840076,
        63.07458893887926,
        62.980439136703076,
        62.91326738543083,
        62.8174109651785,
        62.8492385704558,
        62.692671393685835,
        62.671845519910576,
        62.14072555412889,
        62.04485673018701,
        62.01247545220761,
        61.91958517120387,
        61.88443504725656,
        61.83092574114298,
        61.753932449155,
        61.700490389790474,
        61.60634267667736,
        61.618927751385264,
        61.55277368781817,
        61.54684933572723
    ],
    "transformer_val": [
        78.11995208011624,
        77.80021130830679,
        77.12289906511403,
        76.73419721198805,
        79.73146828475406,
        76.76445979038655,
        77.28611270564757,
        77.43912118678799,
        77.61358721744477,
        77.02465437791892,
        76.6709435342976,
        76.44010362020866,
        76.70511946665026,
        76.93244788359895,
        77.10158892614892,
        76.62479818184732,
        76.66997369743466,
        76.5804281383616,
        76.56647331721199,
        76.53454180000242,
        76.54187528051511,
        76.58147547417983
    ]
}