{
    "lstm_train": [
        8.09563224990816,
        7.965777466562083,
        7.953981745958389,
        7.943769276846334,
        7.93580503656621,
        7.92851734771532,
        7.9212738031812036,
        7.915178909371437,
        7.907580966731744,
        7.900474095868347,
        7.896170205396008,
        7.891333327440198,
        7.882071101090235,
        7.875501241002003,
        7.866525699746598,
        7.862230188040796,
        7.846778492802425,
        7.840535646864846,
        7.826508288166597,
        7.818685234246676,
        7.80246644324207,
        7.789440486679386,
        7.764517171761316,
        7.751981089181453,
        7.7426919561727106,
        7.732842126630016
    ],
    "lstm_val": [
        8.831840702833253,
        8.798226247309808,
        8.794226963492836,
        8.778267742913366,
        8.760708152238282,
        8.760634307998878,
        8.713502411540023,
        8.732276616290987,
        8.740154804863966,
        8.768093300476512,
        8.70796679409558,
        8.737236458006878,
        8.759821528438687,
        8.797384333333689,
        8.732015757535553,
        8.704415975778367,
        8.780513246878463,
        8.745268937125195,
        8.763795052085271,
        8.776766306868167,
        8.736378297913765,
        8.747522931529822,
        8.748847277901858,
        8.74361357662058,
        8.734536566646371,
        8.760146102571722
    ],
    "transformer_train": [
        63.84333991687265,
        63.61393107264495,
        63.28788632878791,
        63.11005311639765,
        63.01237265820829,
        63.00050676897911,
        62.932391065811785,
        62.81742135345968,
        62.75891377879353,
        62.74420234413041,
        62.58780530983384,
        62.25421620399318,
        62.142642111141434,
        62.03313034844285,
        61.997148795759564,
        61.9186912436632,
        61.920934732994816,
        61.858998532528176,
        61.794747151829014,
        61.72550553803083,
        61.74294127850866,
        61.616412293876586,
        61.57947560989908,
        61.56812212690933,
        61.51988300056911
    ],
    "transformer_val": [
        77.59579356059801,
        78.48772807519005,
        77.3515955035999,
        76.90984961092745,
        76.57442433630841,
        77.72361320579522,
        77.69440249365256,
        77.93109952889922,
        76.64620187411496,
        77.93705655805131,
        77.246809839656,
        76.13840209793105,
        76.1229376543781,
        76.08726746570507,
        75.99654711156018,
        76.02032622801504,
        76.28515360313857,
        76.27416496731402,
        76.47216860161912,
        76.29316097787495,
        76.59353216365321,
        76.45044768042351,
        76.39381732118993,
        76.30854351557689,
        76.28988789769076
    ]
}